time,center_x_2,center_y_2,center_x_3,center_y_3,center_x_7,center_y_7
0.0,-0.1826591384488043,0.0698100600769066,0.1422263069082466,-0.0465238128010759,-0.076925376888339,-0.1729455816981744
0.1,-0.2111401378437402,0.0867260998078813,0.1659974919456099,-0.019940225997511,-0.0766401363196046,-0.2058571633059252
0.2,-0.2384956890388946,0.1015898686513478,0.183911921899642,0.0080533847465426,-0.0765143249535018,-0.2428538541154032
0.3,-0.2709486152454217,0.116037243072675,0.2005221601393474,0.039891005014787,-0.0775060354330102,-0.2783811845603196
0.4,-0.3054124232003871,0.1324688776288566,0.2174422981345705,0.0753041458875052,-0.0735086411786751,-0.3171338695335861
0.5,-0.3349494804591152,0.1557701367006138,0.2309972222324086,0.1155259075756171,-0.0710838512169658,-0.3602430619811348
0.6,-0.3611775467261235,0.1844288953030863,0.2359640131288947,0.1608819664296906,-0.0700316471856125,-0.399385461819554
0.7,-0.3879481730471332,0.2148959696284214,0.2245464900797239,0.2020841527111206,-0.0644877919885702,-0.4349247984681854
0.8,-0.4141909305308809,0.2450219854545109,0.2076289076297426,0.2388737761683932,-0.0409610598446289,-0.468730440980839
0.9,-0.4430361386391334,0.2738317124358897,0.1884566761033384,0.2719639701946016,-0.0093495074104039,-0.4907405418728486
1.0,-0.4638835717767424,0.2953282629558166,0.1704151668896537,0.302987341023009,0.0226433448074048,-0.496335658788497
1.1,-0.4601394756792064,0.3079114941124833,0.149188571789087,0.3360435840071007,0.0606291245257966,-0.4965102051246999
1.2,-0.4544740366835022,0.3251065604798964,0.1214939685908539,0.3681169872021189,0.0857992389968082,-0.4664615917225049
1.3,-0.4433029171623109,0.3288980427356179,0.0958295935365474,0.3918908908293232,0.1103381100195116,-0.439466861371772
1.4,-0.4209768315082374,0.3448139516503142,0.0779601929284885,0.4143206793866577,0.1196371561466065,-0.4134344782093394
1.5,-0.4014680073008984,0.355761823891994,0.0545435145481092,0.4371538945980922,0.12145912982069,-0.378275857980476
1.6,-0.3728905552045815,0.3661422600615556,0.0274333614679011,0.459096196293286,0.1190083355075748,-0.3352338269586691
1.7,-0.3407430409770899,0.3770107553632835,-0.0003233856179644,0.4814592960658441,0.1152214447731287,-0.2913340150995843
1.8,-0.3051865865877376,0.3841858154773646,-0.0290875036009834,0.482051819934073,0.1026311403811713,-0.247586128958991
1.9,-0.2693883598512622,0.3891837497022765,-0.0603020432786674,0.4695534791280177,0.0899769995174566,-0.2047465454154249
2.0,-0.2334526529647506,0.3887775480213463,-0.0889586153132142,0.4510919633304906,0.0812785358775479,-0.1632127838222694
2.1,-0.2051412461273286,0.3772433456785473,-0.1047157374520008,0.4219995002820433,0.0724040765530502,-0.1202782389603363
2.2,-0.1851885907568193,0.3549224627410297,-0.1143355474910003,0.389288104416241,0.0571600210130794,-0.077411555848907
2.3,-0.1591178836325709,0.3291289161182143,-0.1063483678928396,0.3561863659206631,0.0384363889463915,-0.0381137983626289
2.4,-0.133246161855992,0.2965783408465912,-0.1016034497793886,0.3248105090452861,0.0064878679747105,-0.0005875067822865
2.5,-0.1236045942718392,0.2606460625924494,-0.0774780349327699,0.3009044297912879,-0.0199615121451343,0.0252652323614974
2.6,-0.104425033266521,0.2242699771335304,-0.0593008959180933,0.2738586358372626,-0.0501367336227179,0.0495542734927967
2.7,-0.0835117750635399,0.1908673985841176,-0.0418038595977663,0.2475447293136361,-0.0821761553481933,0.0766028414000423
2.8,-0.0648044161185295,0.1586380463974674,-0.0210681523122748,0.2185818683802636,-0.1146570647367706,0.1036626566267705
2.9,-0.0551020598942579,0.1282505645690708,-0.0014595467519296,0.1904522705139971,-0.1432463846575518,0.1326272957528426
3.0,-0.0529917727313312,0.0938593015168806,0.0250786678725907,0.1620157777718026,-0.1639998005251871,0.1604278018318047
3.1,-0.0499727279586458,0.0543074119802422,0.0521758248682219,0.1366768426585651,-0.1843668438351083,0.1923755656822671
3.2,-0.0461790158927699,0.0135920098106904,0.084796049212827,0.114776397286896,-0.1966625490523342,0.2246072398133998
3.3,-0.0426010114779164,-0.0245244338477553,0.1233183530728502,0.0984646978767419,-0.2047471673497224,0.2609091970960947
3.4,-0.0379972957154229,-0.0598614928604073,0.1614563239470023,0.0869719347707431,-0.2193680020579052,0.3023264444726767
3.5,-0.0379467113250632,-0.0937334033696779,0.2011540926457391,0.0800841566551662,-0.2425412175971604,0.3469038649095593
3.6,-0.0409775692383054,-0.1294072318900973,0.2428265173346126,0.0744656225390719,-0.2609280271816515,0.3903375114205643
3.7,-0.0439136195158422,-0.1644023719020857,0.282560961762793,0.0765968276754208,-0.2689385506083788,0.4349966369091718
3.8,-0.0483198985779518,-0.1992025160957956,0.3112129033474174,0.0855494378017372,-0.2791930764922817,0.4720400283537928
3.9,-0.0543976651209748,-0.2352795407789376,0.3133267222242817,0.0806826110060799,-0.3070243637773798,0.4883065042295819
4.0,-0.0618311175058251,-0.2698847675861661,0.2921430956472268,0.0809244641839615,-0.3279988756850295,0.4737385308828753
4.1,-0.0692289832048376,-0.3054087244534427,0.2624265838773472,0.1032884285691797,-0.3484054204087944,0.4503106982270377
4.2,-0.0745804638099784,-0.3399017118604875,0.2295149648719066,0.1235699937192041,-0.3746234550267124,0.4252256091665143
4.3,-0.079709300734976,-0.3725204255512946,0.2009822137624794,0.1469734081236973,-0.383209562361044,0.4017661965670915
4.4,-0.075163277293636,-0.403357161771421,0.1706622449085728,0.170609658791403,-0.3865609925160126,0.3625101832479373
4.5,-0.0634824297794016,-0.438405285566211,0.1386013668547047,0.190734749758579,-0.3779476345019251,0.3182172774989911
4.6,-0.0478941466754244,-0.469466178725666,0.1043516924784742,0.2064196473899158,-0.3680598403950739,0.2705371703095289
4.7,-0.0222934830816425,-0.48437637077333,0.0658730370636982,0.221801626107389,-0.3614477915373024,0.1938734733110916
4.8,0.0112730651317695,-0.4996409617106769,0.0298071897536619,0.2410521328434514,-0.3604416238729496,0.1529590102455962
4.9,0.0419669469087658,-0.4996409743638969,-0.0060469835685959,0.2536339885167839,-0.3451757540977555,0.114961463352967
5.0,0.075927937051182,-0.4918119962622719,-0.0410179253016994,0.2595783304711511,-0.3263229719080743,0.0756500470467623
5.1,0.0994028375789989,-0.4645998313454845,-0.0775529968059875,0.2627217499668139,-0.3105509100775331,0.0357451888009009
5.2,0.1140891119392126,-0.4405918098039986,-0.1150497180666172,0.2525250696372588,-0.3154350692390713,-0.0283103389275983
5.3,0.1269950177131395,-0.416201082481886,-0.1527218375406891,0.2366960348771344,-0.2986380561054013,-0.0627794792836231
5.4,0.1425635966140278,-0.3855429144960547,-0.1904109843498484,0.2183487370911868,-0.2830956954461283,-0.0975413158729359
5.5,0.1665263361952713,-0.3577058329729322,-0.2224054155209756,0.1928436750162572,-0.2747325042932926,-0.1356451536800452
5.6,0.191196063758539,-0.3310847891029325,-0.2294545052929545,0.196228195217331,-0.2665907300206108,-0.1782757259003889
5.7,0.219622224635709,-0.3123193402418452,-0.2394867765078082,0.1526990012655955,-0.2459321970594025,-0.2264162588687391
5.8,0.2510173656698022,-0.3004251638640612,-0.2434260614830114,0.1066008185889494,-0.2178090784543788,-0.2740764733870142
5.9,0.2832972956535112,-0.2918055738010174,-0.2416681001401442,0.0601625055609713,-0.1830490948532993,-0.3167154911144098
6.0,0.3181617524263429,-0.2849928856822578,-0.234132849250618,0.0133637415505142,-0.1493943756751825,-0.3508968980175085
6.1,0.3560164233590252,-0.2845013071310033,-0.2249048709131488,-0.0334388456435446,-0.1217614439290974,-0.3654670551105894
6.2,0.3920277101761853,-0.2929752305948759,-0.1993485437830882,-0.0778812006584585,-0.0925764218420208,-0.3706038601628476
6.3,0.427262228642876,-0.3067797778328586,-0.1720276023160128,-0.1177995452543163,-0.0527855765579555,-0.3717412291142826
6.4,0.4544074991087073,-0.3165717164076229,-0.1403233402243383,-0.1478737650127261,-0.0082538111745617,-0.363069032707884
6.5,0.4751286403806714,-0.3108270574590104,-0.102888862094998,-0.1676541099504939,0.033632365570787,-0.342973688644423
6.6,0.4793643125051853,-0.2971777577170456,-0.0781554107860294,-0.1969799854719307,0.0757795943802606,-0.3213951972721856
6.7,0.4904740016092662,-0.2737726565360414,-0.0542714470514299,-0.2318622206529462,0.1184489612392017,-0.3026368195695161
6.8,0.4975310649046485,-0.2484097012145166,-0.0284631354472595,-0.2651282468009258,0.162949677419863,-0.2825866102163463
6.9,0.4893826840048034,-0.2232034613620975,-0.0015006246753542,-0.2956756084347652,0.2065205480225067,-0.2622015700638035
7.0,0.4706844574401985,-0.2001380130098632,0.0276005655033591,-0.3208284498793582,0.2492201752441943,-0.2396647076612476
7.1,0.4436440511963787,-0.1818186445440481,0.0583536230571414,-0.343552996892262,0.2927094365709015,-0.2174023740086807
7.2,0.4263203479055422,-0.1710716732927138,0.0896348863746743,-0.3709773014340682,0.3326117241657602,-0.1937128132100015
7.3,0.4172014779364117,-0.1762624280318606,0.1204114782103251,-0.389047478269325,0.3327745775970157,-0.1617336087056475
7.4,0.3890135248544447,-0.1896246852366223,0.1537919140052301,-0.3933049290572005,0.3139369753791112,-0.1183187961452353
7.5,0.3535912421102963,-0.2076603527112877,0.1905743620699802,-0.4037044007163332,0.2777674538727334,-0.0882447908156278
7.6,0.3240286137358043,-0.2282897626819816,0.2202160739023924,-0.4316847982830804,0.2371799953414843,-0.0720615511150733
7.7,0.2959612016793174,-0.2474629143149043,0.2450526534637842,-0.4623146574891235,0.1938214011327043,-0.0746840099745597
7.8,0.2656769191853763,-0.2661918368411679,0.2709356870777686,-0.4915181957474912,0.1471191846466322,-0.0874417230252694
7.9,0.2360423458090736,-0.2852222666919168,0.2947779647144749,-0.4922838652890522,0.1023286113067714,-0.1044404562742802
8.0,0.2088592434921904,-0.2974499893070443,0.3262722870711151,-0.4907323972302386,0.0603058394511212,-0.1254527013634292
8.1,0.1761274826502394,-0.3086164181654173,0.3525447904449155,-0.4709235565103721,0.0197796817848115,-0.153105319587103
8.2,0.1421185849607117,-0.3189925358590134,0.3722822892847978,-0.4401494625975768,-0.0176739371009917,-0.1857928674208659
8.3,0.1094275438709902,-0.3312238746022995,0.3919144629550284,-0.4087954159334954,-0.0488965365745352,-0.2221085869755643
8.4,0.0758900520342149,-0.335500529165961,0.3938592444683981,-0.37641998651947,-0.0767670334684159,-0.2587252366593324
8.5,0.0416587828721346,-0.3290412171466864,0.3963363393238148,-0.3458964957812374,-0.1046149673893174,-0.297830186948182
8.6,0.0095114192753903,-0.3098821049441073,0.398650758943162,-0.3124943772075046,-0.1337834284622203,-0.3367153810469184
8.7,-0.0208487563690017,-0.2841567601874405,0.3986449125978453,-0.2758223651897477,-0.1629148820452396,-0.375978505976269
8.8,-0.0429440935366452,-0.2595106995781041,0.392052560566889,-0.2369959531984578,-0.1855661453879883,-0.4176329074344538
8.9,-0.06058177436585,-0.2330513023969573,0.3824955972709349,-0.1971237684810139,-0.1632140895484698,-0.4624576703582292
9.0,-0.0739508652086989,-0.2017672218635498,0.3625484202165818,-0.1567909280851146,-0.1871034520638151,-0.4954877474231935
9.1,-0.0822801082061443,-0.1719744598316059,0.3328778395697724,-0.1450996528910868,-0.2137032693479095,-0.501434475971108
9.2,-0.083119688582315,-0.1390487506741615,0.3004460231450533,-0.1337917137845417,-0.2352374840072249,-0.4990343790328059
9.3,-0.0784384991116073,-0.1019381468799461,0.268530107718375,-0.1236555717206951,-0.2704712319329773,-0.4907235317497352
9.4,-0.0610956577704047,-0.0672737404363188,0.233113116909004,-0.1124911549358254,-0.3098676848230471,-0.4736832441932377
9.5,-0.0364782981661976,-0.0387957041192007,0.1935070975799298,-0.1016116680764044,-0.3297592807170449,-0.4467988933943155
9.6,-0.0085844080689927,-0.0155346544252084,0.1493991933904783,-0.0960433594861055,-0.3413488887476114,-0.4117595863530697
9.7,0.0212715936808348,0.0077987519829587,0.1084587526393285,-0.1048680480786213,-0.3537608191053438,-0.3692602028417333
9.8,0.0486509101105223,0.0343210723538242,0.0695000832861688,-0.1214339051693359,-0.3627146213967979,-0.3249583826582541
9.9,0.0773211453894043,0.0575546761410677,0.0275155652175257,-0.1345730256867872,-0.3646488010099638,-0.2806300660777575
10.0,0.1071932546417707,0.0757831031439252,-0.0139381303212465,-0.1616839181984309,-0.3683548631135911,-0.2386124370916276
10.1,0.1397298928753445,0.0967501696448087,-0.0472652044515695,-0.1933210233652191,-0.3656150385243721,-0.2270307364213181
10.2,0.17290841136755,0.1196153979040674,-0.0737689675771718,-0.2242921476437187,-0.3649238897314443,-0.222809408531024
10.3,0.204045465674973,0.138006842273247,-0.0912874052170854,-0.2611599661338324,-0.3710005396454337,-0.2157862252146761
10.4,0.2356924341360954,0.1541050160900441,-0.1058153076411869,-0.2982081365874052,-0.4011563448743791,-0.2040284023618555
10.5,0.2696483328690646,0.1649814960733493,-0.1152135622522073,-0.3341555836927045,-0.4260232520696988,-0.2169549612882207
10.6,0.3070506442700746,0.1695752971338873,-0.1305195448133068,-0.365261824872704,-0.4379917736944726,-0.2435527307465101
10.7,0.3469408850506669,0.1708616532978821,-0.1523737660304945,-0.394530839798603,-0.4467681474173067,-0.2811041351366152
10.8,0.3874037237705867,0.1726701427755426,-0.1714764559472394,-0.4241260042852139,-0.4421310930031369,-0.3262836162669046
10.9,0.4267184795239684,0.1831779538807829,-0.1884276857649278,-0.4553649663700159,-0.421809753462765,-0.3684013514122793
11.0,0.4628093534702974,0.2057789109649833,-0.2081126087333754,-0.4825286649354053,-0.3916639658809933,-0.3796137263290496
11.1,0.4846767130266219,0.231334629412863,-0.219347786512814,-0.4969490691470906,-0.3515532548317403,-0.3902751172137881
11.2,0.4845726640423395,0.2587904729803265,-0.2115677928389313,-0.4982797464560725,-0.3053243956483821,-0.4025601454507125
11.3,0.4835305937880892,0.2854494339547395,-0.2170439967673865,-0.4846453599067754,-0.258527370303528,-0.4004072465228073
11.4,0.4792058308306149,0.3130781380642286,-0.2175957688557926,-0.4814475848494273,-0.2119883359929251,-0.3912915848547374
11.5,0.4681878165522998,0.336635192451233,-0.2571437749398471,-0.4617019644429688,-0.1658772117187197,-0.3839639313088377
11.6,0.4539283081024243,0.3568519766194514,-0.2916571267287214,-0.4358592471348016,-0.1181340448993251,-0.3795188137581859
11.7,0.4334211729930808,0.3604781740668958,-0.3222939391296254,-0.414079234522555,-0.0692881492342864,-0.3760605817030615
11.8,0.40945269843339,0.3595460158598842,-0.3523397228159364,-0.3907837692489788,0.0045387925853703,-0.3696629388026039
11.9,0.3797634504647237,0.3594962219474661,-0.3816576886366932,-0.3621567200096074,0.0419427792410022,-0.3684577352045993
12.0,0.3480414265181925,0.3631386276520481,-0.4039007327906385,-0.3312592969619545,0.0845144620097771,-0.3676786119360806
12.1,0.3139173215598102,0.3734044341821778,-0.4237482013705795,-0.3029374006377364,0.1291415909355008,-0.3648295181360401
12.2,0.2782066652072586,0.3915128542340345,-0.4423900679297147,-0.2716250424536605,0.1767485284250664,-0.3655986742836998
12.3,0.24278484817958,0.4103453846510203,-0.4347561960991927,-0.2454646284298081,0.2248246930578666,-0.3710049896682134
12.4,0.2072560818391813,0.4321491962250063,-0.420782099019053,-0.2262017297815001,0.2734158953065184,-0.3694026414975314
12.5,0.2044739703730584,0.4468752546101193,-0.4030296045477576,-0.2101443729565537,0.306911966447679,-0.3689258709793751
12.6,0.2030300552219316,0.4529323214710116,-0.37664450500692,-0.2027830961464444,0.3381164125432929,-0.361853775105338
12.7,0.2294306922178836,0.4907946191840616,-0.344410063182469,-0.1896941638725134,0.3736405666032022,-0.3477085097344757
12.8,0.2566935787656576,0.5007043461579233,-0.3073213327636639,-0.1767624481459412,0.4127995840966257,-0.3251184804901708
12.9,0.2847681710601205,0.4993292767494164,-0.2691286250883413,-0.159191140157813,0.4512077173857697,-0.2993834057595902
13.0,0.3194725472403081,0.4856224190520732,-0.2305522346171191,-0.1301434382021457,0.4839451135762704,-0.2730298185968033
13.1,0.3526680506033512,0.4569952231239269,-0.1944285500694872,-0.0968264985733759,0.4879422527879152,-0.2446770311337796
13.2,0.3672871722048204,0.4303978886598411,-0.1603844915623693,-0.0661058889705471,0.4819108378236135,-0.2112215078687416
13.3,0.3836662993533468,0.4254390334556124,-0.1271299209161376,-0.0359786661571806,0.4572819934435871,-0.1806329441892771
13.4,0.3648018153912288,0.38321232753996,-0.0974538299843581,-0.0068171462246271,0.4333905349619135,-0.1685436576720061
13.5,0.3300356179483676,0.3521169004779845,-0.0720216177164952,0.023218680603106,0.4059265901000657,-0.1548941013395182
13.6,0.2972847264342035,0.3325372466649352,-0.0521279162121721,0.0542363443733649,0.3659553123520067,-0.1529564003677759
13.7,0.2649197011479867,0.3140473588962097,-0.034488496887677,0.0872486357989935,0.3219818111520486,-0.147972825433097
13.8,0.2323901284241495,0.2997212444453421,-0.016943646470522,0.1239087949638411,0.2781461480303582,-0.1348288647659944
13.9,0.2001294316741322,0.2922295093324091,-0.0002660190912401,0.1606791664458237,0.2350866063057944,-0.1219834282470403
14.0,0.1642066409006596,0.2893192480234871,0.0123546275713274,0.1996940393936759,0.1930515368424559,-0.1094716431881082
14.1,0.1287456541118607,0.2917403418463403,0.0162949023840693,0.2429410817580337,0.1471066088775195,-0.0960906041283879
14.2,0.0907226544473498,0.296188878216894,0.0108809816724041,0.2882181441467795,0.1026869371102457,-0.0853621915740866
14.3,0.0562433821037598,0.3166011063738762,-0.0047443399753714,0.3282212197035818,0.0607748105938953,-0.0743844523393956
14.4,0.041967511090107,0.3427884895785988,-0.0171504608648914,0.3665948986048451,0.021254093246672,-0.0611099230818824
14.5,0.0364160179434686,0.3743047486369498,-0.0275168571879877,0.4039579130657763,-0.0191245058614607,-0.0489250175718111
14.6,0.0367265692637425,0.4101840747104383,-0.0344051761522959,0.4373458842648136,-0.0587780141121587,-0.0328421924633088
14.7,0.0395776120563907,0.4473420222018477,-0.032463717986241,0.444253995147914,-0.0978932407941308,-0.0118803665968497
14.8,0.039600742671362,0.4661599198100035,,,-0.1359046867977829,0.0121138731400564
14.9,0.0424712907101862,0.4692249319613587,-0.0255248333277678,0.4540561954701271,-0.1726782730847375,0.040539725089896
15.0,0.0393844408762548,0.4653974009080381,-0.0196495809333397,0.4465321326483333,-0.1714730290674514,0.0496128217620879
15.1,0.0451161993790247,0.474649872876616,,,-0.1435824636740094,0.0689896032481921
15.2,0.0461548020543377,0.478401024269648,-0.0273343418546619,0.4870379584530462,-0.1057578352587805,0.0854436994102609
15.3,0.0392959930572306,0.4756673541085688,-0.0266228820897432,0.4989563660630549,-0.0631533331500273,0.0872316362491482
15.4,0.0306892597100194,0.4826214709843662,-0.0374119107712112,0.4830361926676478,-0.022804154424975,0.0745992663275514
15.5,0.0104535147467605,0.4916683525302353,-0.0255532151361703,0.4660497057315171,0.0200595821941988,0.0563067895783092
15.6,-0.0047829592761825,0.4932469393467229,-0.0281997486877195,0.4544488118787178,0.0676265542120069,0.040734090156686
15.7,-0.0225925924324719,0.4876829288227474,0.0189461954418391,0.4457340696170706,0.1496253758063596,0.035277599812262
15.8,-0.0492368426599967,0.4685424272725644,0.0389966063046237,0.4369937106654041,0.1867432829024859,0.0289416271289514
15.9,-0.0762845219382273,0.4469787248840177,0.0688418218562255,0.4258816556401204,0.2278128323819903,0.0201834804105063
16.0,-0.0943596990034942,0.421725496156858,0.0890492907949142,0.4025178008345134,0.2729844494988239,0.0116259752286386
16.1,-0.1047853070228042,0.3936959493125049,0.1116848335330995,0.3696967626190872,0.3185508931146494,0.0071209825631725
16.2,-0.1158178391561532,0.3607235127844885,0.1190749099895702,0.3533330351707978,0.3648947317683502,0.0077840430712618
16.3,-0.126721058612778,0.3249709979290776,0.1552302077696873,0.3120506942871619,0.4111545419186939,0.0154993701250462
16.4,-0.1448721258871322,0.2895825044720774,0.192415235021117,0.2778848889137275,0.4498676865027051,0.0218586825152162
16.5,-0.1724364109414546,0.2608078350319803,0.230529641772979,0.2503024108163991,0.4632950693050495,0.0412531681818223
16.6,-0.1991509782740622,0.2438083427020622,0.2694633425480344,0.2285461320066186,0.4597818883290712,0.0688552786357304
16.7,-0.2285922618796438,0.2280067738388385,0.3084713438643642,0.2112449502575882,0.4380972623871323,0.0849260578210464
16.8,-0.2587794917044221,0.2162777162353785,0.3494908833602552,0.1939538601442637,0.4157604419046102,0.1035034640159239
16.9,-0.2910929660808675,0.2032803378278582,0.3926933002427738,0.1785275717990657,0.3836981227195014,0.1111222978939112
17.0,-0.3246408079473208,0.1962118057367965,0.4262056047872395,0.1781869135002941,0.3450579073974011,0.1149935405362225
17.1,-0.3611031690564837,0.1933858693799616,0.4388058254432455,0.1918595783877091,0.2989547270673613,0.1234914330418436
17.2,-0.3992306898283426,0.1941504949158892,0.460457364686728,0.2026070007977012,0.2525349993507797,0.1223075793974718
17.3,-0.4402610389184783,0.1992737952521494,0.4775384124451655,0.2188649527176829,0.2069434319061099,0.1169605518274509
17.4,-0.4635492683991987,0.2159575979029314,,,0.1604350919055782,0.1055837128392908
17.5,-0.4846338071753722,0.2420890765486313,,,0.1120647555182931,0.1029828474099986
17.6,-0.4901892313824693,0.266068862885345,0.4895561016679791,0.2562419919375787,0.0656865863348141,0.1050907672652786
17.7,-0.4860646067266049,0.290954897519697,0.4684039322221843,0.2596136603007987,0.0172592966272686,0.1147240845513402
17.8,-0.4722514309716374,0.320789863003231,0.4649798740901011,0.2593716773939377,-0.0324449490878789,0.1348502962335642
17.9,-0.4454857902018887,0.3406467172608866,0.4236851173869146,0.2878670514109975,-0.0792266997873712,0.1540997965795708
18.0,-0.4187046380354068,0.3536574728983934,0.3970589659977152,0.3009721353730888,-0.1252327775133792,0.1744925816581569
18.1,-0.3854261176181072,0.3599074953065638,0.3545288253022047,0.3083688252144162,-0.173484736329359,0.1898748437313808
18.2,-0.3491128034929262,0.3596263882618006,0.311924904910495,0.3052315363417138,-0.2225461415434016,0.2063147334080623
18.3,-0.3097264566282799,0.3584169922395816,0.2644823234633512,0.2890901802739563,-0.2706138918924246,0.2226406422837189
18.4,-0.268911872941814,0.3615904106583844,0.2189022369030251,0.2590588181078477,-0.3205199301396454,0.2429854964940879
18.5,-0.2291619048823937,0.3697275205704186,0.1877280087758921,0.240330374777768,-0.368382807682638,0.2617832933936588
18.6,-0.1963510081767527,0.3814623172185675,0.1418216763699935,0.1957122983873708,-0.4114554148542876,0.2863236647623515
18.7,-0.1906346471950705,0.4047081154130962,0.1247706806804666,0.1799987105289044,-0.446582307185303,0.306531263260771
18.8,-0.1992434140255214,0.4273830028855946,0.1003156204045742,0.1395821274341658,-0.4733221972005568,0.3056360826314939
18.9,-0.2159726491283028,0.4588580511937553,0.0845025976893889,0.098222496125023,-0.4911319227785338,0.2834421439888187
19.0,-0.2413035519641865,0.4727650340718203,0.0754661813139651,0.0577510230439124,-0.5,0.2589117514198761
19.1,-0.2733800091785308,0.481843138477991,0.0744639031226556,0.0142159900788581,-0.4949803046623873,0.2352382957128587
19.2,-0.3047507291036696,0.4822493369612861,0.0756763367107805,-0.0296110617005207,-0.4747961006567675,0.2045499614392028
19.3,-0.3363521699992593,0.4734456902217236,0.0808259738146957,-0.0751160118382692,-0.44908813538485,0.1635458941641123
19.4,-0.3648178552066194,0.4545637279128725,0.0821264609427489,-0.1226424553798854,-0.417687163176417,0.1623634336468605
19.5,-0.3806144604898204,0.4323722413462039,0.0846295279435795,-0.1704229266441344,-0.3865751822794139,0.1616850443454958
19.6,-0.381089121430032,0.4083349537922309,0.0954332524726094,-0.2142356814697397,-0.3441790683882177,0.1608572533960271
19.7,-0.3937436962386504,0.3810096457777526,0.1248125605894651,-0.2479569514046137,-0.2990119099840125,0.1692475260342593
19.8,-0.415940879571005,0.3558113147775137,0.151136844746324,-0.2818505824469392,-0.2522018099590646,0.1881767447534547
19.9,-0.4376677558360005,0.3405575952494752,0.1787837965729511,-0.3122705026528745,-0.2031994280037054,0.2100298502918114
20.0,-0.4579776509884859,0.3227385862196724,0.2087899094175961,-0.3393732195183215,-0.1540683069855079,0.2231204281224179
20.1,-0.472974549318396,0.304197830877739,0.2385579368898597,-0.3646671825451296,-0.0761807038247533,0.2396164825967944
20.2,-0.4787340698844464,0.2853576411979118,0.267621546572677,-0.3875923124116627,-0.0335174139382488,0.2459010292836416
20.3,-0.4834399283603267,0.2716349717058818,0.2981049844223538,-0.4077919281258518,0.0135426955897899,0.267321294404702
20.4,-0.4832685289356635,0.2517473457100307,0.3295436931327513,-0.4282167380694631,0.0613261102282396,0.2872837993491764
20.5,-0.4836958790736139,0.2324782418879201,0.3593259446095965,-0.4429157685007951,0.1103119833673095,0.3064979764706953
20.6,-0.4750221698084107,0.2168055606607529,0.3737128492480902,-0.432734849880644,0.1595129833517774,0.3250188103864975
20.7,-0.4644020420058624,0.1950247645430528,0.3852675896970933,-0.4067081988530415,0.2088948203835837,0.3343844270457932
20.8,-0.4485904648765502,0.1773120077387977,0.3891888463639349,-0.3732632736074158,0.2582064846130648,0.3392882829727011
20.9,-0.4277587091225152,0.1686101614364465,0.3894214841318182,-0.3429460418617769,0.3349567978954398,0.3629091156014717
21.0,-0.4048274837346344,0.15674707999156,0.3989423886901501,-0.3377628236270986,0.3696451790918693,0.3798956042879658
21.1,-0.3813430651296007,0.1462790699182324,0.4233133822807137,-0.3296365855652486,0.3739083906948044,0.4028171453572269
21.2,-0.3542104347699811,0.134750638144727,0.4513019131826722,-0.3176635621773757,0.3710028100152626,0.4379232757242642
21.3,-0.3238272101337807,0.1103248073539603,0.4775694424983854,-0.3019069124247338,0.3433172068601975,0.4695857629868562
21.4,-0.3019477736060423,0.0800697346217069,0.4934575802533825,-0.2799147807818817,0.3106002843045291,0.489993613898055
21.5,-0.2865987061679266,0.0490111195922233,0.5,-0.2605796848260533,0.2787651107866406,0.490786401440539
21.6,-0.2683180517214554,0.0190201295138688,0.4989315522239122,-0.2306815291618646,0.2474735662212986,0.5042091995860303
21.7,-0.2462702547657559,-0.0116851406753662,0.4819098959326226,-0.2064520045418039,0.2007654461344223,0.4830127839461636
21.8,-0.2247314291232299,-0.0414127013815102,0.4572592621688252,-0.1803010563500584,0.1866982361301386,0.4427453776210844
21.9,-0.2079959407348261,-0.0747029393250713,0.4274021578395546,-0.1545539796694847,0.1763936657844538,0.4027333978666313
22.0,-0.1902903695863491,-0.1097867446080768,0.3998431537727702,-0.1619002112418993,0.1984658993827698,0.3309343580029245
22.1,-0.1705633137756521,-0.1428340279809658,0.3968108097061099,-0.1585571560157777,0.2171564749851658,0.2910766882704638
22.2,-0.154585646739336,-0.1761402770793118,0.3528461140348135,-0.1554912005171786,0.245337590530684,0.2501728787386083
22.3,-0.1408124867991192,-0.2072197610896962,0.3119642925786696,-0.161009034212418,0.2782574319593455,0.2089506303022242
22.4,-0.1263375383532137,-0.2432914592716974,0.2704255088665723,-0.1665060759191057,0.3101672979076858,0.1727984705967176
22.5,-0.1096221354361651,-0.2810479554374738,0.2295805951529625,-0.179280113479129,0.338480800074712,0.1352426011738179
22.6,-0.0910253803315119,-0.3138177502528893,0.1888622733200527,-0.2043789417072999,0.3687837448853189,0.0949992290070733
22.7,-0.0773009545983505,-0.3458929159002005,0.1530375654113201,-0.2312283143524627,0.3995687561213843,0.0501407848348171
22.8,-0.0674158935681503,-0.3777940382246784,0.1209856698297234,-0.2582562200376472,0.4313973324270839,0.006983119781215
22.9,-0.0630952861682534,-0.4156466050524174,0.0944183540603345,-0.2850977131334759,0.4436349348570641,-0.0238805335007036
23.0,-0.0608652769255956,-0.4609504148132158,0.0725623753811468,-0.3143961678523657,0.4351849807677803,-0.0421535488011014
23.1,-0.0316509735285071,-0.4958291294746155,0.0506097918198679,-0.3484451247328143,0.4147071811521022,-0.0652388432241066
23.2,-0.0058772573238997,-0.5000450460491142,0.0358098616097371,-0.3884280336824441,0.3884821404488305,-0.0791267612520538
23.3,0.0252996563347365,-0.5016168178844886,0.0414470317539358,-0.428444137025707,0.3514213293980104,-0.0934355559265638
23.4,0.0539844523319501,-0.4975780429738147,0.0657616188181207,-0.4649059378551873,0.3087710510763165,-0.1038139594526748
23.5,0.0767076675630738,-0.4883824494913362,0.087660007848519,-0.453737631905887,0.2652550220344412,-0.117042130125736
23.6,0.0998653516794225,-0.473139129635865,0.1030279061527884,-0.4189125279048742,0.2224455176860736,-0.133037154233232
23.7,0.1149091552985248,-0.452404946860398,0.1185051111999014,-0.3820623157048229,0.1794719459727922,-0.1497313239052296
23.8,0.1231406486857487,-0.4249295419349111,0.1396024917083939,-0.3448679716062147,0.1333953511347801,-0.167648000242141
23.9,0.124279292821913,-0.3892471627641343,0.1450255346389295,-0.3249120775698423,0.0877043525612837,-0.1827304401729398
24.0,0.1386958252574219,-0.3524531086991902,0.1822421418126818,-0.3084341312588541,0.0413838861154055,-0.1897927847109786
24.1,0.1657682201580948,-0.3324426639891626,0.2177431790466276,-0.301207024990051,-0.0077489770653264,-0.1928252596889295
24.2,0.1941182875077685,-0.328207767546463,0.2499461059400694,-0.3144446826287476,-0.0566587027836648,-0.193943008401444
24.3,0.2265355978200925,-0.3414560523551607,0.2845560817665212,-0.3310319351439305,-0.1068093366066843,-0.1883971502929031
24.4,0.243119422117239,-0.3653832411157686,0.320366004163968,-0.3668791281198879,-0.1571038843774324,-0.1856889001169128
24.5,0.2540035894841449,-0.3941225119271926,0.3482850808626742,-0.4034180408920567,-0.2077897364157306,-0.1961517411014767
24.6,0.2563820941842977,-0.4245160148551672,0.3720137297888742,-0.4324788798370289,-0.2848971352149199,-0.2345649124815046
24.7,0.2547783193954266,-0.4579642308375858,0.3555130822381586,-0.4202046079737527,-0.3206336692043908,-0.2550049541132735
24.8,0.2446949567704127,-0.4672649972532512,0.3498564232132893,-0.4487476255230478,-0.3575061955776897,-0.2800731172567689
24.9,0.2310838262896726,-0.462954605814336,0.310396377458554,-0.4891032232597976,-0.3931109492615507,-0.3018560374890749
25.0,0.2127951823002482,-0.4510524115581207,0.2853024650778809,-0.4900051903429434,-0.4151897751620754,-0.3164604913546441
25.1,0.2008388895996536,-0.4240942573138667,0.2562083561013327,-0.4820745310169201,-0.4379157842583903,-0.3201250390896203
25.2,0.1935801134397133,-0.3960277782904086,0.2210770104988917,-0.4650339042741658,-0.4387161354383335,-0.327183186517113
25.3,0.1995902332321301,-0.3611163600702442,0.2080445611705262,-0.4393715060005429,-0.4348732247669667,-0.3428242178592389
25.4,0.2228611271598502,-0.3328472130736251,0.2056010307171172,-0.410018173463567,-0.4267937878749194,-0.3694615706741959
25.5,0.2479836600503583,-0.3126284727850772,0.2074542344495082,-0.3776374904752482,-0.4066464400370786,-0.3761460758502865
25.6,0.276276596066837,-0.2955336146854748,0.2090409921867539,-0.3410088011136243,-0.3687114669220114,-0.3858468475239793
25.7,0.3066488541048638,-0.2866738436612641,0.2138959928679266,-0.3027850498037644,-0.3237169802492807,-0.3939085081375236
25.8,0.337947188492152,-0.2816185582410985,0.2189918146248815,-0.2609154444286142,-0.2756832658910532,-0.4006959206028712
25.9,0.3706667015553528,-0.2802678575967325,0.2229950901899026,-0.2201087946742159,-0.2284045182618149,-0.407857278741899
26.0,0.4061564777473054,-0.2796680735401678,0.2236610176002703,-0.1769516780975611,-0.1573554298229666,-0.4113597733299055
26.1,0.4459572145012653,-0.2837388127969468,0.2161077917695924,-0.1341716279721097,-0.1308291127425311,-0.3999982615096595
26.2,0.469191956307785,-0.2847163128297242,0.2024749809095228,-0.0959113926708582,-0.1164987485450764,-0.3737544086016284
26.3,0.4764508171839745,-0.2786347208118457,0.1955515407736718,-0.0585388190890461,-0.0907468536760118,-0.3389955181976747
26.4,0.4803736906957784,-0.2643899626185171,0.1866746055412869,-0.0193024199403339,-0.0625929841252031,-0.3063254180264791
26.5,0.4894625898520306,-0.237317033780711,0.1828399702083586,0.0215220094496462,-0.0366401558060096,-0.2684782071860475
26.6,0.4872361737491613,-0.2147003137867737,0.197267188733777,0.0602970361079731,-0.0091005144702553,-0.2347552610516041
26.7,0.4705146991407509,-0.1849772141113522,0.2206925071724592,0.1002666690446627,0.01937418083364,-0.2031268370032793
26.8,0.4469140396242088,-0.1674296819260115,0.2518592689589008,0.1300232410231777,0.0519551491651576,-0.1739159072594051
26.9,0.4201198835776173,-0.154564565590304,0.2858779609274286,0.151988679021922,0.0871104622655599,-0.142212221925903
27.0,0.3928765263908796,-0.1603904644275922,0.3239781736564355,0.1730115011292581,0.1218389003595943,-0.1023801257426068
27.1,0.3591236465566311,-0.1697457316717675,0.3615454215187904,0.1873459023693381,0.1449265814113822,-0.0594490537410474
27.2,0.3252449205778974,-0.1813359797423257,0.4017709477520126,0.2025966997424085,0.1555813239067529,-0.0143138338437939
27.3,0.2939897823504115,-0.1888178081625236,0.4407849984853478,0.2240755863296612,0.1571986472348553,0.0312384376658302
27.4,0.2616985386135395,-0.1954322839944199,0.4662005679563565,0.2372558622294482,0.1577829376643908,0.0393952653182255
27.5,0.2279461255325146,-0.1993624934504215,,,0.1483995566648254,0.0555315813791847
27.6,0.1930037862629501,-0.2031386550048015,0.4932884728542737,0.2773894954092029,0.1157790243141483,0.0657456908944619
27.7,0.1582005318216252,-0.2059381345637692,,,0.082688718773052,0.0416929599267938
27.8,0.1240375952050623,-0.2049254624222112,,,0.0470551698103882,0.0243106607079885
27.9,0.0928264570764281,-0.1958500570066566,,,0.0036943917758508,0.0035125200963208
28.0,0.0655636775145872,-0.1808551039199959,,,-0.0411359777723971,-0.0298783314555569
28.1,0.0363878505893087,-0.1542127413227288,,,-0.0872471386654962,-0.0621239758036995
28.2,0.0183269305278521,-0.1304688387843023,,,-0.1329544520341295,-0.0887836892455501
28.3,0.0005189789278552,-0.1013255540173754,,,-0.1776674148197338,-0.1141862023343646
28.4,-0.0201000477359122,-0.0704833655001502,,,-0.2215814643206916,-0.14628527837244
28.5,-0.0427829338009156,-0.0448076397490776,,,-0.2638083898134779,-0.1804236558815781
28.6,-0.070477493130745,-0.0172416496703989,0.2967565110498121,0.2366074910510299,-0.3055138779698016,-0.2149203503701739
28.7,-0.0992728685453984,0.0043900599823028,0.2845349538128714,0.2456389178442752,-0.3448934501737601,-0.2481872847089085
28.8,-0.1275495000516393,0.0240988051261695,0.2673873990011884,0.2045557340731258,-0.3791315289366524,-0.2868963097265077
28.9,-0.1528000567692753,0.0459851411213734,0.261013469227411,0.1596145331850525,-0.4146579273934943,-0.3271490162067205
29.0,-0.1739576424322174,0.0731028431947406,0.2690223219059762,0.1140420550935065,-0.4124648863067341,-0.3493648165213054
29.1,-0.1901971197569896,0.1042246067800528,0.2793118541445357,0.0679833890178937,-0.3993826274197419,-0.3794952382033642
29.2,-0.2036516498231941,0.1356503305274453,0.2872433107294794,0.021155413067762,-0.3792109090497406,-0.3935096474703183
29.3,-0.211831094713664,0.1669299727428358,0.3078764060789576,-0.0218034288907466,-0.3386858144084348,-0.388808463047284
29.4,-0.2157433192715607,0.20029814184182,0.3370391454278292,-0.0634377388481367,-0.2908662249305944,-0.3916890513375017
29.5,-0.2203231823142215,0.2356200007509633,0.3647501350751002,-0.0909180376415916,-0.2430830968642088,-0.3972781056666467
29.6,-0.2213372075306936,0.2749813992115948,0.391404141882115,-0.0909495625731839,-0.1937413114267871,-0.4169461538443728
29.7,-0.2199740511022998,0.3127245938650493,0.4199719557343382,-0.0763053446036385,-0.1636126377323221,-0.4196797905631941
29.8,-0.2176298468910812,0.3538158858201338,0.448260996087974,-0.0524980266445962,-0.1337226802678157,-0.4055063895819024
29.9,-0.2149999998808753,0.3914809609307352,0.4691223796226833,-0.026324269879108,-0.1152938547564439,-0.3782049958341572
30.0,-0.2179816172419711,0.4234141556275728,0.4819368121658691,-0.027013359658082,-0.0953693460736799,-0.3457200859158434
30.1,-0.2346389492835677,0.4555390847745155,0.4735856795014334,0.0201747249489353,-0.0699806334136585,-0.3086878739669087
30.2,-0.2587858487350307,0.4708058482570675,0.4623999167358261,0.0661581212762941,-0.0434745083681775,-0.2711382360475027
30.3,-0.2848007822654329,0.4810487746424499,0.4294355675906153,0.1000302041805337,-0.0136649112022816,-0.2331466319355546
30.4,-0.3110799245356583,0.4778873327835002,0.3996327298439512,0.1146445350275345,0.0185167270602861,-0.1936957976580015
30.5,-0.3349842261196594,0.4700858450060592,0.372114586937852,0.1242621961476443,0.0512692229385191,-0.1555513457402733
30.6,-0.3554969846802981,0.4493113679649422,0.3401268497149246,0.1223965782270538,0.0855902277298666,-0.1187093270527907
30.7,-0.3761617326019061,0.4251511577178853,0.3095477483950679,0.118733763504392,0.1159868639860147,-0.0826630479533278
30.8,-0.3908034302765173,0.39931598736481,0.2735261125765601,0.1175287528232497,0.1470814231092446,-0.0451713309093781
30.9,-0.3933334858087355,0.3685387015638039,0.2369037098091795,0.1125382275068704,0.1732839723312043,-0.0085901686390849
31.0,-0.3948425608361817,0.3345379184361362,0.1993753026269596,0.107794719886033,0.1981546428845449,0.0303307797642258
31.1,-0.3995628447489154,0.3004012776789324,0.1601665896672981,0.1015253724264352,0.2197258762399293,0.0720375667933973
31.2,-0.4122816337279926,0.2633738143934246,0.1200528981981698,0.0887576420876272,0.2410073137349733,0.1141997142615755
31.3,-0.4290381658651788,0.2269865077390718,0.0794420950053761,0.0744644043240928,0.2635060609050435,0.1583929455943143
31.4,-0.4488286142650231,0.1963029542440824,0.0372530438236396,0.0521940629409632,0.2820878921692283,0.2025698673956732
31.5,-0.449979599503794,0.192709817239998,-0.0014361490816549,0.0236600237556394,0.2957799972085561,0.2473823822335913
31.6,-0.4497428278251822,0.192869715427568,-0.0324172675049315,-0.0076986123314437,0.3113100329724471,0.2963268908954559
31.7,-0.464261395866177,0.1988601857533607,-0.0574792696432052,-0.0382957979274847,0.3254607261892794,0.3481091023230573
31.8,-0.4758579875840452,0.2141956954766663,-0.0747345547386895,-0.0721997145089372,0.3272261358012754,0.3997703063153205
31.9,-0.4831970890072982,0.2369615199399369,-0.0889186350341893,-0.1104242945922115,0.3164692357427355,0.4856142338408608
32.0,-0.485419110878841,0.2599973862017554,-0.0754833816282832,-0.1542096937970188,0.3083871200374481,0.4950625967927304
32.1,-0.4814004611735415,0.2881526967855414,-0.0453317447454942,-0.1860485537839641,0.2829534157564838,0.5007439456446935
32.2,-0.4660319926470677,0.3116841991000906,-0.0115167096792978,-0.1998489651685467,0.2598320346359926,0.4956811584003301
32.3,-0.4439182745881597,0.333662654289565,0.0266522286061022,-0.2091977161133232,0.2110911278985018,0.4672775348517147
32.4,-0.4204845298265465,0.3400848764778905,0.0657027318854499,-0.2174211858778424,0.1771311356045221,0.4337743633668841
32.5,-0.3898018356207153,0.3433802888430121,0.1078777113267005,-0.2217171742277461,0.1656744716001615,0.3946084805551267
32.6,-0.3569699522450408,0.3365065698927259,0.1519085139457843,-0.2134152964238542,0.1679153177134523,0.3474726013655135
32.7,-0.3227074888232492,0.3185160553967473,0.1957299847826198,-0.1884554711761258,0.1854274133982546,0.2977148168453761
32.8,-0.2976681400533749,0.293297043865393,0.2305308239721941,-0.1540242508116042,0.2161757085482982,0.222282125647068
32.9,-0.2813024126637354,0.2651055431147449,0.2577406127904423,-0.1214653568465109,0.2318851845245206,0.1796768725154637
33.0,-0.268137968569787,0.2320765018534546,0.2837951378111352,-0.0883204032270493,0.2510833593915553,0.1363148489756352
33.1,-0.25625551668529,0.1946400885696607,0.306548652884559,-0.0546541165140486,0.2742186878794398,0.0914612654524678
33.2,-0.2457904967886683,0.159231105165774,0.3290549384139264,-0.0165976539983501,0.2875491419317613,0.0504296355101699
33.3,-0.2354299367578498,0.1244575129809912,0.3579019671745227,0.0195370153005365,0.298854722668722,0.0149187925092846
33.4,-0.2281284485242743,0.0880652300267465,0.3828765985640905,0.0560987700269261,0.3269269918932422,-0.0113937236689499
33.5,-0.2261553631716945,0.0526816506669345,0.4038178268616172,0.0850945422368276,0.3652084953193096,-0.0321108061959374
33.6,-0.2214956557459578,0.0164204837109617,0.4124337190326869,0.0899567451832031,0.4070607987654686,-0.0443813612983015
33.7,-0.2229513650753967,-0.0191153035840191,0.4134125005666348,0.0950997670865788,0.4377318560863483,-0.0397621080458338
33.8,-0.2278053109818351,-0.0541867133188159,0.4092555614426848,0.0988833610260859,0.4677244955366481,-0.0189921599448419
33.9,-0.2405006206339471,-0.0861053467146176,0.388668444389317,0.103413061066495,0.4777791842895658,0.0064361826471749
34.0,-0.2617307186891569,-0.1151316040819082,0.3582908581961564,0.1035680943610739,0.465164461021783,0.0347803429993278
34.1,-0.2878053102025394,-0.1410479581651758,0.3258299490516764,0.1023198808077235,0.4409756406445886,0.0693811394813716
34.2,-0.3143842148826422,-0.1613700605225993,0.2880915339905608,0.0899037424096568,0.4107186954112319,0.0921942198221799
34.3,-0.3291810591087397,-0.177549756427962,0.2459091361236571,0.0740779686035697,0.3684787581343366,0.103838341304016
34.4,-0.3558376031771171,-0.1914344994606124,0.2044646149495829,0.0511577700090318,0.3196447405853913,0.1007203638258124
34.5,-0.3823103716185021,-0.2098980382344852,0.1680149249090696,0.0219020067228286,0.268757586388688,0.1000835163033464
34.6,-0.4060333524802468,-0.2351565817524696,0.1416021413205895,-0.0093289625269443,0.2195945704701295,0.1115507913593453
34.7,-0.4305802386282041,-0.2570232445783321,0.1205090852900118,-0.0428229964312576,0.1721910163746708,0.1258012828849178
34.8,-0.4430358848003001,-0.2756680151530195,0.1039347495648971,-0.0790918165987987,0.1244488831448662,0.1408513043631411
34.9,-0.4442053608799376,-0.3009734526643587,0.0952445478696412,-0.1173549614051711,0.0774185084370585,0.1527114676719977
35.0,-0.443129218424162,-0.3263609264515839,0.0923029148585976,-0.1580816243358039,0.0309059609363519,0.1647371976132239
35.1,-0.4300053090798786,-0.3487510038682186,0.087811035448762,-0.2012463839718128,-0.0139435800651041,0.174467570836012
35.2,-0.4139586700082258,-0.3688721239619979,0.0876240129986852,-0.247650492113415,-0.0626198200531253,0.1774996299643825
35.3,-0.3946105524167814,-0.3825571630164652,0.0965386355390731,-0.2926585761745595,-0.1120947174718405,0.1755350893450227
35.4,-0.3780986783044828,-0.3963173569892936,0.1148566917028484,-0.3297108246245681,-0.1552567621000926,0.1665862348891676
35.5,-0.3536269968777109,-0.4040029668417296,0.1411272837138673,-0.3687922582621233,-0.2006397063877254,0.1507066162255051
35.6,-0.3223504919309259,-0.4117892230583722,0.1703454586515892,-0.3955605263611705,-0.2413074783854796,0.1198302621399836
35.7,-0.2893296091702935,-0.4218617333483014,0.2019971165062048,-0.4042878022632254,-0.2676090835786714,0.0842830691090756
35.8,-0.2553232087960333,-0.4358401113502678,0.2358564187329705,-0.4124127510189243,-0.2871588441500454,0.0412812822418904
35.9,-0.2249476435208107,-0.4561466097259774,0.2709852659823684,-0.4229328345593472,-0.2936324986646484,-0.0040634938492209
36.0,-0.1941846898996052,-0.4801093176394588,0.3063094194258934,-0.4376187929143281,-0.2933898639874738,-0.0494218615839722
36.1,-0.197125547735533,-0.490398096387553,0.3401417212566399,-0.4508419689644092,-0.2908334861957055,-0.0941724332199876
36.2,-0.1927537213902943,-0.5026058348624444,0.3647357582784621,-0.4472219259685429,-0.2776945087197069,-0.1431327947521968
36.3,-0.1797785837243031,-0.5024814067861815,0.3724083802365326,-0.4229562771835088,-0.247099943152661,-0.2209509864099678
36.4,-0.1717321122774422,-0.4832921903256768,0.3815672335997537,-0.3888709124537992,-0.2328022109767921,-0.2601704990315705
36.5,-0.1601207548428201,-0.4665368971292193,0.3815110982270117,-0.3675728554922424,-0.2115211170212596,-0.3080823636774686
36.6,-0.1509213191404831,-0.4467037047769235,0.3408619624734545,-0.3434943309602321,-0.1840511651239603,-0.3521384965514685
36.7,-0.1450453285884886,-0.4338748037872444,0.2975053310739496,-0.3379152107519113,-0.1521130273559247,-0.3704996942106926
36.8,-0.1333755413421952,-0.4167178909613201,0.2606571151873305,-0.3409485156004668,-0.1224975183832492,-0.3561790553245972
36.9,-0.1247369277688007,-0.3869139220417814,0.2255282418223697,-0.3484779445038382,-0.0862397707795116,-0.3427720909914635
37.0,-0.1037274834527682,-0.3585455105266285,0.1837804185750587,-0.3639202592866354,-0.0442383943266175,-0.3469540926586376
37.1,-0.076748022759946,-0.3325627468505497,0.1470179670156831,-0.3888159186573096,-0.0069668554214322,-0.3774803751614852
37.2,-0.0490082422828103,-0.3046641482463093,0.1278762195662289,-0.4118564610474626,0.023738336887509,-0.4150445140351004
37.3,-0.0214234750593139,-0.2805077018264894,0.1086397681869182,-0.439579083168185,0.0513472816286182,-0.4557703356960132
37.4,0.0059146565357658,-0.2605450132403484,0.0917644493796409,-0.4590271622413588,0.0522419517547213,-0.4857226731370348
37.5,0.0351990616096664,-0.2451138549493821,0.0967739654786429,-0.4722992985266442,0.0579985407537088,-0.4978421759407376
37.6,0.0660161841380639,-0.2361248218733724,0.0971575177556382,-0.4471989691881745,0.0590951639319797,-0.4959994952941682
37.7,0.0994333432848001,-0.2305678062256463,0.1248870420947723,-0.4154344711394826,0.082475199957641,-0.4734140407048416
37.8,0.1333706719872409,-0.2308292379542938,0.1522898944761299,-0.3845000468738853,0.0981262437718007,-0.4500318780558062
37.9,0.1691561873585602,-0.2329266775744357,0.1829779407352744,-0.3542604277718392,0.1164225736764385,-0.4223641191047846
38.0,0.2051126410595583,-0.2391876390732253,0.2104071298816646,-0.3237901597055692,0.1436735751266191,-0.3939455767001786
38.1,0.2419035886238289,-0.2452184806093948,0.2330509604093966,-0.2985555804328956,0.1775706444051307,-0.3594579702023134
38.2,0.2792951268880168,-0.2348454962301197,0.2603765253248959,-0.2855564266341756,0.2050601054948752,-0.3261473761737869
38.3,0.3218112981999491,-0.2178141686209775,0.2908411285373607,-0.2680018128050003,0.2182126595260919,-0.2871810626244273
38.4,0.3632964960654394,-0.2191774758038624,0.3157862114630187,-0.2415318848879215,0.225120956255322,-0.2408227995682747
38.5,0.4002605180179634,-0.2313906410099702,0.3389090335504795,-0.2139365757607397,0.2366004635283762,-0.1913132004886437
38.6,0.4340201586426788,-0.2464019375004036,0.3553540535861965,-0.1832075543800221,0.2570771629426313,-0.144219775564935
38.7,0.4657806007318109,-0.2583948521679736,0.3740304431091358,-0.1633726878079379,0.2750235871181411,-0.0982337902070118
38.8,0.4781890815301782,-0.252430265436292,0.3460371124078372,-0.1262827303509158,0.2915529944684091,-0.0524016198480666
38.9,0.4839927511575653,-0.23967219818576,0.3188440582312875,-0.0915285197998364,0.3068040066932176,-0.0080592610408909
39.0,0.4845772598828263,-0.2195228244245339,0.2914601582930802,-0.0593014750331404,0.3188808226144076,0.0343184870690483
39.1,0.4696643065616197,-0.2025612021925794,0.2654017253170952,-0.0258886175880699,0.3296929208468022,0.0799506282863565
39.2,0.4537875002114917,-0.1712042045981152,0.2364919704704152,0.0063074255308545,0.3388834498911894,0.129555869705143
39.3,0.4311209250605978,-0.1592829031969916,0.2103275283499123,0.0307272161294443,0.3431688652607425,0.2131697733941062
39.4,0.3996987166791869,-0.152137825994549,0.1959312301118816,0.051177551036272,0.3521071947716619,0.2478262070059744
39.5,0.3651135694196007,-0.1487884754530055,0.1682702490654702,0.076177911202593,0.3588901669595409,0.2894575263714717
39.6,0.3304945581587179,-0.1470655077996558,0.1373919715755598,0.0968096159770298,0.366203553398807,0.3379402554690497
39.7,0.2958913422519011,-0.1474827228262452,0.1026907990761694,0.11334754329343,0.3780796667647303,0.3807663597600413
39.8,0.2621194490179173,-0.144339756573917,0.0688223403969375,0.1300484191048352,0.3753127358820776,0.4192021299322634
39.9,0.227994481403216,-0.1389914023704826,0.0335186433917027,0.1420668835934253,0.3533604773792214,0.4563713186551477
40.0,0.2053987189909684,-0.1342888470719598,-0.0025700343090982,0.1515212675291732,0.3212633830666494,0.482769504987071
40.1,0.1805469424733528,-0.1277661630478296,-0.0422752499983665,0.1635780799270724,0.2876333374427165,0.5046415360112103
40.2,0.153850152871736,-0.116868822327036,-0.08203291307974,0.1768115196526006,0.2584076821940108,0.4952470727163527
40.3,0.125004716863379,-0.1017995733155098,-0.1219420542199741,0.1881880657290123,0.2251926814184564,0.4881838849320917
40.4,0.0931079722228484,-0.0797338234635306,-0.1608592424961699,0.1982964009197996,0.1875682433107544,0.4634369397938389
40.5,0.0669406366885296,-0.0531503981371632,-0.2008321220410826,0.2080118771873758,0.1861017731003139,0.4408254800941307
40.6,0.0466226209309862,-0.0267423649489936,-0.2418035881064232,0.2179989891416299,0.187550873808759,0.4030463450644568
40.7,0.0287415933945297,0.0001660509917019,-0.2870698901372089,0.2282652399129804,0.1955412663934088,0.3605757684883614
40.8,0.0116007507930888,0.0276935445852903,-0.3327301459813227,0.2384928457769549,0.2109131997768097,0.3155557837112121
40.9,0.0009495267265391,0.0557149059887596,-0.4080170081392181,0.2256879623268454,0.2332713440043391,0.2689350573194154
41.0,-0.0062169535233867,0.0861885440832265,-0.4375309868939979,0.2209538737663672,0.2628144417737753,0.2226872004886717
41.1,-0.0082008726609071,0.1179055993306291,-0.4418175332296959,0.2241623198094319,0.2978425632850897,0.1778753372608764
41.2,-0.0057348175448401,0.1490109817082695,-0.4445477226823878,0.2234752469716378,0.3342175868462104,0.1338636141307619
41.3,0.0025822100091362,0.1823829931975597,-0.4411530537700376,0.1793813501582808,0.3726294617928259,0.0987729275361485
41.4,0.0154129867964559,0.2170688745887856,-0.4231858218214865,0.1572926630772849,0.4135656698498635,0.0727641677793905
41.5,0.0326635762941433,0.2530828509513241,-0.4025736504677211,0.1531544818578401,0.4466468764886398,0.0485776338783757
41.6,0.0596138084405287,0.2875091601733224,-0.3653934783565786,0.1508480411524291,0.4612500565310395,0.0185654858459302
41.7,0.0865782277349712,0.3098680100056661,-0.347441487046562,0.1605308318739782,0.4611032009290412,-0.0123693280588317
41.8,0.1142645580513569,0.3269876720162907,-0.3024157486045132,0.1297564300898776,0.4505784774625906,-0.0416262321221067
41.9,0.1455134547254247,0.3403063081521537,-0.2597521043237252,0.1008784497652298,0.4181169367762122,-0.0739487509730306
42.0,0.1789555231887487,0.3507905523259874,-0.2255893464216275,0.0668580652743638,0.3848251478042289,-0.084136420444898
42.1,0.2140489340476307,0.3525138055338841,-0.196881616601151,0.0319143884444575,0.3434230465212654,-0.0847657693136548
42.2,0.2485906627162478,0.3451868067738049,-0.1917498837292531,-0.007043807145332,0.2984233138272149,-0.0706299898043144
42.3,0.2824148925184682,0.3341317139474977,-0.2008418120963261,-0.0455864758235969,0.2574316435889035,-0.040485279245425
42.4,0.3154089564346533,0.3205205313256536,-0.2082688686761973,-0.0864543358698439,0.2208427357623406,-0.0106428189179439
42.5,0.3490843211751847,0.3028653487270323,-0.2147534951900788,-0.1284400559459657,0.1838242650243777,0.0114767582673342
42.6,0.3823170292382559,0.2873986002703061,-0.2187184620017658,-0.1723785444668808,0.1416266235610449,0.0304825106549931
42.7,0.4162056440507445,0.271306146356789,-0.2167902695224853,-0.2167483734045901,0.0971876671328248,0.0512304768442595
42.8,0.4493017024667486,0.256730015239566,-0.2017439307880177,-0.259836695546505,0.0499120437819766,0.0745204612736557
42.9,0.4473524926365576,0.2638925523234942,-0.1857298589281328,-0.301731806372406,0.0058558181188621,0.1001099007725571
43.0,0.4691711422643446,0.263877167574178,-0.1727190823414622,-0.3399578232847926,-0.0337128013280869,0.1294407161519747
43.1,0.4779557980150972,0.2832538845681632,-0.1625833851024593,-0.3782611704600128,-0.0714162172746065,0.1585777831483089
43.2,0.4845115290131892,0.3013001316879699,-0.1528236916166479,-0.4162838106842334,-0.1104713817498398,0.1852866188763837
43.3,0.4853644087844191,0.3128004962677185,-0.1612048134378188,-0.4464679163283641,-0.1534184434561154,0.2010017164095821
43.4,,,-0.183211371834725,-0.4797709326536729,-0.2016258282146245,0.212210756087665
43.5,0.453388112261437,0.3649093998612754,-0.2099556609282585,-0.5046415360112103,-0.2504221984486888,0.2323501429141068
43.6,0.4543670697229436,0.3635064844439982,-0.2411430585524813,-0.5036779067345099,-0.2955068950221128,0.2567027092336874
43.7,0.4457364646639733,0.3713907954732448,-0.2754822566441414,-0.4951414035294481,-0.3381270310559901,0.2812476440104883
43.8,0.4454228415772622,0.3712005183905605,-0.3024167735900708,-0.4806730715312928,-0.382127731891449,0.3002340015766645
43.9,0.4468279504207705,0.3699111636995551,-0.3205443302017358,-0.4560766335982233,-0.4211452748415374,0.31784558834163
44.0,0.4477948681967911,0.369016290287786,-0.327673395308982,-0.4287140044681816,-0.4433149779833027,0.322738795302398
44.1,0.4455453053989953,0.3707412306051424,-0.335971212666584,-0.4003469986213,-0.4479034422457085,0.3215967126844437
44.2,0.4454024808352667,0.3701676194564595,-0.3490825272517733,-0.3685519261093166,-0.4449663481657384,0.3269600659021482
44.3,0.4464891600720794,0.3696761738899558,-0.3594969359236328,-0.3350988752359262,-0.4612518432463728,0.335341395164286
44.4,0.4446374098272465,0.3707940063630663,-0.3700184480723527,-0.2975495944909845,-0.4653569256714939,0.3173725418699716
44.5,0.4436551116105551,0.3728036971367914,-0.3816604065872378,-0.256911649464666,-0.4791077766311539,0.2881832347719685
44.6,0.4453788379571026,0.3717949663340111,-0.3948491461365371,-0.2241361806504271,-0.4765932349898207,0.265255029340455
44.7,0.4463029169583714,0.3709517331898533,-0.40882241047147,-0.2215053415589726,-0.4828801177190029,0.2245129421907666
44.8,0.4448845307255309,0.3720334962395663,-0.4253951840709805,-0.2369262220588273,-0.4747730319154848,0.1812606974852352
44.9,0.4428310564458057,0.3746991839417349,-0.4485599543159366,-0.2573725589000372,-0.4432522844398006,0.1616397253087456
45.0,0.4449838340317198,0.3728676963453118,-0.4601027173736256,-0.2873307258164315,-0.4073682295883075,0.1464918281729406
45.1,0.444016945607084,0.3735812671384012,-0.4494452091394936,-0.3141142684264757,-0.3694580544491489,0.1377822001723628
45.2,0.4441079469874191,0.3721568359956783,-0.4273990200057297,-0.3466926747430999,-0.328350593003299,0.1348121841432233
45.3,0.4440349333400686,0.3720085842760314,-0.3991147274010568,-0.378608681582752,-0.2983644945910345,0.1336226687091942
45.4,0.4452930343089793,0.3713077558836682,-0.3659347654699841,-0.4022908410104008,-0.269819449505556,0.126380577933701
45.5,0.4433105821736475,0.3722177917901665,-0.3308832262592576,-0.4116757031264741,-0.2313444723052642,0.1105685879718171
45.6,0.4440197206046126,0.3709455744856607,-0.2954192467424223,-0.423241637996229,-0.192043993661253,0.0836720373700374
45.7,0.4440884745643616,0.3702541809405534,-0.2615324130688672,-0.44240507231229,-0.1505335075695257,0.0541509297530572
45.8,0.4432297979907835,0.369637791083021,-0.2272533491294474,-0.4610521527006416,-0.1074841451463689,0.0236932351786734
45.9,0.4408892005056115,0.3709482940441607,-0.1961900115765653,-0.4774199347342129,-0.0663540235578467,-0.0023825427776725
46.0,0.4409719099147578,0.370985481562635,-0.1764216784135718,-0.4766703194060326,-0.0245955408262819,-0.0256502256000811
46.1,0.4448282384461318,0.3686452751460392,-0.1646731196904464,-0.4661129783824793,0.0193819313899831,-0.0401923633921089
46.2,0.4425787468878955,0.3708133008534591,-0.1543604138163765,-0.4449723300140541,0.0623845811657322,-0.0405735579947095
46.3,0.443341441751758,0.3698692574571795,-0.1475169552712208,-0.4118214932296522,0.1050380204435699,-0.0405627719335348
46.4,0.441503215734507,0.3708229988024996,-0.144130103563709,-0.3797227310878919,0.1509212142896092,-0.0441778265451579
46.5,0.4415045474863024,0.3706070918188317,-0.1513615157638256,-0.3439091971775465,0.1985581070616418,-0.0485493747833399
46.6,0.4419611109055978,0.3708654921179549,-0.16416802654801,-0.3046427007758723,0.2453744582257113,-0.0554893328885602
46.7,0.4419259065602023,0.3719206152082312,-0.1748019532935446,-0.2650013286870332,0.2919179435613575,-0.0604216015615231
46.8,0.4409355988850358,0.3718205591868556,-0.1739141614996032,-0.2293434393277629,0.3372612339728258,-0.0619051018917902
46.9,0.4352640539428815,0.3709805726990847,-0.1682958094445227,-0.1921227729985282,0.3827046787684525,-0.0610749405222378
47.0,0.4316217942748611,0.3705180798346018,-0.1648844373576238,-0.154917129188522,0.4209722764038665,-0.0505603157517588
47.1,0.430806621184626,0.3705761315935202,-0.1641611251410436,-0.1153747278261486,0.4560960038999839,-0.0183077171047504
47.2,0.4300850554655517,0.3709655360080137,-0.1671183980158161,-0.0767365124916932,0.4773446759085387,0.0157890070891459
47.3,0.4311737960439522,0.3714235603889937,-0.1717091425409165,-0.0367908667266091,0.462180927544058,0.0465211055770306
47.4,0.4332518363831269,0.3724593875918128,-0.1771125321486837,0.0071534944003043,0.4494803428989259,0.0806670134041096
47.5,0.433771640867762,0.371494820203848,-0.1850548110623119,0.0513236602293357,0.4236467143295245,0.1137786642075661
47.6,0.433971420320447,0.3702537305875299,-0.1737540854170748,0.0827553999448537,0.4023623827032417,0.1123682060159986
47.7,0.4279016319826518,0.3729560668023264,-0.1569582515889543,0.1120249361540104,0.3670025571113642,0.1124321193974647
47.8,0.4265783720912139,0.3718940035844329,-0.1408909941262884,0.1470792904302337,0.3262769523142279,0.1183341680640239
47.9,0.4261873774539856,0.3712027359169026,-0.1157735745535855,0.1866812771723379,0.2864517355749626,0.1386487507616443
48.0,0.4260434509381131,0.3716406204096285,-0.1029336834197325,0.2265888148204095,0.2517981017611289,0.1694977309712804
48.1,0.4264181052101367,0.3728000493543004,-0.0906939689867703,0.2693599203259565,0.2217184960763201,0.2002953784452796
48.2,0.4279547429054773,0.3735987010483516,-0.0755987147445567,0.3097811703400559,0.1935424398827565,0.2381893634202284
48.3,0.4306534943766101,0.3738032446873071,-0.0684018560107992,0.3480598164032625,0.1710662155994747,0.2762899777897138
48.4,0.4070165272608386,0.3876028863553692,-0.0623024322697264,0.3842012387412163,0.1491520754729311,0.3160808665391018
48.5,0.3810362513494498,0.3944908909808046,-0.0622525514658302,0.4230404521439064,0.1202703868212601,0.3580649699810855
48.6,0.347592968969211,0.4003389242688026,-0.0512253188079186,0.4387364578997796,0.0997654663105822,0.3929286554122442
48.7,0.3147380577772531,0.4074635760869591,-0.0325833299486841,0.4592593158364024,0.077366759875699,0.4254273813342064
48.8,0.281125515672732,0.419290872264292,-0.0161522282715121,0.4744513143390033,0.0649487925027274,0.4477384990108505
48.9,0.2475955237245672,0.4420564226416488,0.00798568512673,0.4874362673995803,0.0564622550436929,0.4481833702327778
49.0,0.2239988532859038,0.4653175859389979,0.0037058840568875,0.4911368084557793,0.0387960705039857,0.4506072111529529
49.1,0.2112602976456236,0.4593490248082348,0.0355879144314758,0.476050229834345,0.0118492940426352,0.4513294918759076
49.2,0.2051582873077638,0.4560703257397663,0.0291766248155951,0.4695950976473266,-0.0207254875296065,0.4713066712559634
49.3,0.1971853675876964,0.4527221107635134,0.063558674766603,0.4278406305815364,-0.0432242508823587,0.4707336238987455
49.4,0.1912993604657151,0.4398077761804932,0.0749947876134592,0.3945019425945523,-0.0650803118775263,0.4685678673291272
49.5,0.1816039564095246,0.4259049213190966,0.0849800216374881,0.3613967407627559,-0.0815799980122309,0.4504937264782532
49.6,0.1729688453943501,0.4044492468075615,0.1008991900651461,0.3246668644279989,-0.103070046021731,0.4185358254284401
49.7,0.1644225741499151,0.3980996316668038,0.1278268677679268,0.284604313431601,-0.1233328891071268,0.3800237585207499
49.8,0.1548524978916475,0.3580286590976713,0.158806289780137,0.2494963437394644,-0.1340593528587891,0.3363645034074035
49.9,0.1502694752285958,0.3196232069848653,0.1912430724546219,0.2229874389183915,-0.1510348628092335,0.2901259106357017
50.0,0.1455741592909903,0.2814873606045293,0.2284071873447462,0.2014398946656848,-0.1683351594072645,0.2462438140515073
50.1,0.1499935252842423,0.2414890439010748,0.2757747206332833,0.1942985410594006,-0.1921096818491599,0.2046426429184251
50.2,0.1558934263735517,0.2024043421883065,,,-0.2244060757844424,0.1672686036513223
50.3,0.1658136739649625,0.1634510717811968,,,-0.2574358479892232,0.1378519131295475
50.4,0.1833705324821096,0.1256267014570495,0.421272930496288,0.2797728140956994,-0.2900802275368953,0.1146875502603812
50.5,0.2012983599440665,0.0914994806621124,0.4409006233823761,0.306287577067906,-0.326939962751341,0.0908269777264903
50.6,0.2200321913326038,0.0601166653470885,0.455806436378945,0.3332654132118409,-0.3596387548002573,0.0678416476203147
50.7,0.2389738705130594,0.0276126154337045,0.457643750832619,0.3512560266038453,-0.3924357727759435,0.0530012237361714
50.8,0.2584597656254552,-0.0035126651372646,0.4267160371340961,0.3875908628708799,-0.4212663422603032,0.0402781977539872
50.9,0.2707913185311192,-0.0333060060762677,0.4127693807297355,0.3860775998481129,-0.4511398768391088,0.0248943008816125
51.0,0.2782387898970965,-0.0654326283078602,0.376767464848363,0.379333561633921,-0.4613085521933708,-0.0068721377097339
51.1,0.2772056381725791,-0.0988840411818774,0.3414739864416194,0.3752948956540256,-0.4638738467386298,-0.039936793568986
51.2,0.2648942705123505,-0.1325003687007172,0.3044132119519597,0.3666735185078886,-0.4580838035467854,-0.07889167091819
51.3,0.2414947639194988,-0.1585387666801996,0.2678787128906343,0.3466499432751774,-0.4296720220349552,-0.1042652435046059
51.4,0.2366527572163701,-0.1725831258351965,0.2357788718917009,0.3194088137689752,-0.4042037704120588,-0.1123212852729312
51.5,0.2155755141902114,-0.1937081554695535,0.2064511472366972,0.2890925437131937,-0.3733567523561002,-0.1273267776925266
51.6,0.1871195777649722,-0.2183447898383888,0.1812669284214627,0.2565752662998811,-0.3385670852275847,-0.1418314682967355
51.7,0.1758980119159037,-0.2430947766990017,0.1734625186261572,0.2543157072338904,-0.2998755236794519,-0.1479738150465434
51.8,0.1722817244066069,-0.2710256186824391,0.1384827802055714,0.213985609268945,-0.2585339187037129,-0.1649552557031551
51.9,0.1646605600720238,-0.3007368301017633,0.1223509190912971,0.1726420951265545,-0.2184847970632238,-0.1916676587363172
52.0,0.1537382218438754,-0.3323993062724407,0.1144570050866347,0.1318748383121873,-0.1769206707192883,-0.2147880380531014
52.1,0.1377816618812005,-0.3639160000995189,0.1067320909816712,0.0903994293306548,-0.1341628130531093,-0.2348236923386163
52.2,0.1162769167228862,-0.3949695766095887,0.0971928349029764,0.0467211753690033,-0.0920679879951466,-0.2506595243799083
52.3,0.0932638332223555,-0.4239464439463558,0.0878096630808762,0.0008489567545717,-0.0491938666264851,-0.2685082713322936
52.4,0.0671460662734267,-0.4461237371712417,0.085177292341114,-0.0438365627458657,-0.0041378489521622,-0.2910719146779286
52.5,0.0408956326552395,-0.4611346482368278,0.0885784229441739,-0.0898500774503703,0.0392546367352077,-0.3057230021098205
52.6,0.0123524921019444,-0.4719310553076967,0.091330755365198,-0.1351282052481288,0.0799920668499324,-0.3211188275502208
52.7,-0.0172449724505412,-0.4802186761235762,0.1041158857881235,-0.1790128936478274,0.1209815130486985,-0.3367048158916635
52.8,-0.0384675532240171,-0.4708630871645645,0.1219117185992755,-0.220889817694612,0.1593156690207757,-0.3605160003395714
52.9,-0.0579589584632489,-0.4519957532653385,0.1483621339073501,-0.2588862946071859,0.196352571696313,-0.3870131340193049
53.0,-0.0603992176843032,-0.4267881756717011,0.1799041010094391,-0.2952604503691763,0.2327518035624273,-0.4171694019154518
53.1,-0.0622000529889111,-0.3953794090323013,0.2129275778086508,-0.3271317147148098,0.2727097575425242,-0.4401583872232615
53.2,-0.0636725415803808,-0.3631148868308843,0.2417095628193055,-0.3568477859963848,0.3125589147625338,-0.4571850633214487
53.3,-0.0600496310548675,-0.3327674426020436,0.2712971856177276,-0.3828742255502206,0.3389726065655223,-0.4655825267908948
53.4,-0.048725966536401,-0.3009524579705918,0.3026982728073617,-0.4108031411652512,0.358155194334526,-0.4605675458422673
53.5,-0.0272561703264999,-0.2681140620322819,0.3185153546273419,-0.425144848465967,0.368859958826102,-0.4546709468257383
53.6,0.0009198098573995,-0.2367566446722533,0.3094451335027712,-0.4213691192195074,0.3825505302793152,-0.4418406191016624
53.7,0.0281651015277218,-0.2162105911186543,0.3181137290855911,-0.4539897847524495,0.3738645304185392,-0.4167499706174475
53.8,0.0568644440324188,-0.2046938993850743,0.3063315485858055,-0.4799445759465022,0.3796646407250495,-0.3875702719196359
53.9,0.0878129400843773,-0.20051928047119,0.2877408901769845,-0.4874692306521935,0.3929261455102476,-0.3520506949477525
54.0,0.1189902187122539,-0.2028187439397524,0.2626292559724901,-0.4812327565169213,0.4018501085904901,-0.3125942855697526
54.1,0.1515209960904336,-0.2106454797715314,0.2365379941259044,-0.470570309275748,0.4144144452237552,-0.2681802707052823
54.2,0.1866526343245401,-0.2219114414767697,0.2046803352403429,-0.4472104200467937,0.4283544718717346,-0.2237688327750027
54.3,0.2209975963021099,-0.2373678530501084,0.1902448079351787,-0.4151170715764196,0.437367618879967,-0.1883397407110342
54.4,0.2545290890480593,-0.2529134453715398,0.1788306865072976,-0.3895312986910176,0.4221446589856251,-0.1606590568699518
54.5,0.2839450987753045,-0.279190689874689,0.1674574995951855,-0.3597318587473795,0.4040170883849391,-0.1553051728478257
54.6,0.297727836699278,-0.3056103145668335,0.1503689038526172,-0.3281137267903269,0.3837436000602459,-0.1709241783911123
54.7,0.307841720406712,-0.3362975459361747,0.1247479234041197,-0.2962131407795091,0.3580982960222116,-0.1990658421716511
54.8,0.3137076608312925,-0.3699012004999147,0.0940657760118666,-0.2628714473081425,0.3500626532623651,-0.2365216998511015
54.9,0.3165937504169521,-0.4049343398855031,0.0682825138447309,-0.2360265733301014,0.3427551944830578,-0.2810466824805828
55.0,0.3175673516481408,-0.4435313421522245,0.0398236682838353,-0.212502242488916,0.3463198827047256,-0.3266120775833147
55.1,0.3129367674810371,-0.4699777642248935,0.00985843271282,-0.1902581332480621,0.3551151418347067,-0.3700001050659059
55.2,0.2963522876554103,-0.4841163875551653,-0.0229548765356835,-0.1701324672860406,0.3664360080942933,-0.4099213959494431
55.3,0.2803081793753079,-0.4866637954745322,-0.0598838872963066,-0.1536923166653294,0.3565030864842285,-0.4454139413254265
55.4,0.2740868427215376,-0.4916450834633853,-0.0962392916629682,-0.1371564110443965,0.3418871463927773,-0.4699733531902483
55.5,0.2484392498816127,-0.4774705462002455,-0.130862303311127,-0.1232561292502871,0.3252857471784434,-0.4793726138744597
55.6,0.2284873118590955,-0.4630301728065631,-0.1673845091933322,-0.1157001769924924,0.299897368772988,-0.488285117479368
55.7,0.2123586298920551,-0.4403453019809449,-0.2060858125938216,-0.1075931806163869,0.2740615700185652,-0.486286695638921
55.8,0.2031246334841164,-0.4071671652157683,-0.2443711919146691,-0.0961393276061486,0.2464084142054987,-0.4791359028913388
55.9,0.1781486916827658,-0.3816242267253158,-0.2856271011821183,-0.080876688341431,0.2159110204100587,-0.4492872349562829
56.0,0.1508571495652206,-0.3572486446281726,-0.3267969205438613,-0.0653055310584523,0.1979191449996306,-0.4207954600901422
56.1,0.1205010462020429,-0.336866788620567,-0.3671930372085943,-0.0595729164367315,0.1842928638949476,-0.3872758549252806
56.2,0.0897885192811074,-0.3167794161264353,-0.4077101663753882,-0.0549323418275146,0.1714350933171517,-0.3474892536750437
56.3,0.0560581383728128,-0.2896659902497128,-0.4375811628858256,-0.0566697686638267,0.1549386812221397,-0.2987421313144061
56.4,0.0396396440982924,-0.26631873848315,-0.454081831192625,-0.0691585244559998,0.1523759502954663,-0.2663973606792763
56.5,0.0307141088673497,-0.2413628293924991,-0.454062026099095,-0.0806493330907362,0.1364156583260084,-0.2298769060718963
56.6,0.0253634406502085,-0.2128613270476113,-0.4400007747588496,-0.1028912003705668,0.1057745698840528,-0.188024438388139
56.7,0.0269376540550956,-0.1810826034216853,-0.4172177576694478,-0.1155247618516645,0.0759382715188222,-0.1492172501757046
56.8,0.0234552044889207,-0.1473380902275423,-0.3920695210815996,-0.1330681460198332,0.064261863804232,-0.118126094963502
56.9,0.0054369362448479,-0.1106637228121083,-0.3606013496349475,-0.1413632996382301,0.0514440736676023,-0.0802062363423529
57.0,-0.0170179966241118,-0.0868321412424064,-0.3271710083379384,-0.1489779398540683,0.0395087142616902,-0.0396371234130811
57.1,-0.0403901618177997,-0.0692955534532991,-0.291568194092174,-0.1655054032430117,0.0166580589751459,-0.0015813779438061
57.2,-0.0668052340202706,-0.0541080423238043,-0.2525712590348075,-0.1903156782786691,-0.0144128243417366,0.0032807597596587
57.3,-0.0958507959262279,-0.0375114471133484,-0.2169250835533346,-0.2100433727066894,-0.0503890916706319,0.0069180658418342
57.4,-0.1203973048318506,-0.0177936855210024,-0.1806805254993627,-0.2259213660521886,-0.0909432097935128,0.0149666546903739
57.5,-0.1477019038198034,0.004164920539353,-0.1416799282423465,-0.2392680160799353,-0.1280158205463491,0.0303763099242224
57.6,-0.1781140709509125,0.0265765442202955,-0.1020241304488066,-0.2518140422029652,-0.1653389435368538,0.0541375536588539
57.7,-0.2186161409277942,0.0420082039632232,-0.0624781886670515,-0.2570699866473908,-0.1901190298166041,0.0899507410417169
57.8,-0.2568996062805392,0.044854754526704,-0.0235733440406367,-0.2577299970932564,-0.212591660205336,0.1281346991682844
57.9,-0.2945881946856712,0.0411107311894029,,,-0.2318914243056954,0.1659226860643785
58.0,-0.3314996718898757,0.0389228011290707,,,-0.2498821908576457,0.2068608321269479
58.1,-0.369240033902351,0.0396446534130667,,,-0.2682353623165205,0.2523645671803269
58.2,-0.4028334739326965,0.0394442557242945,,,-0.2872610699133765,0.3022319240341651
58.3,-0.4160533009431801,0.0430096865343714,,,-0.3108170189008908,0.3496511436326939
58.4,-0.4480898943505041,0.0146822531883471,,,-0.3359494544854146,0.3936373453362433
58.5,-0.4614205451549504,-0.0112971844968658,0.2670710978813004,-0.2190264005883857,-0.3494504086322286,0.4270637246142309
58.6,-0.4722922934541597,-0.0322750621611378,0.3002284316007068,-0.2001081185277927,-0.3404415981900057,0.447865286248444
58.7,-0.4600436724588496,-0.0685426767143487,0.3309969521749327,-0.1732683015172786,-0.3173405386379406,0.4734127999990252
58.8,-0.4412070408776287,-0.1016142389447234,0.3414149958878241,-0.1427606692798365,-0.2957927200180129,0.4713539160347446
58.9,-0.4157174138625987,-0.1136052100762585,0.3363216050379161,-0.1139953957724072,-0.2642979035210284,0.4752256484483076
59.0,-0.3802343420745442,-0.1200608609875419,0.3276317382583661,-0.0865096993786575,-0.2290059035449453,0.4648548325067662
59.1,-0.3431788752792439,-0.1220950761662783,0.3192362899849809,-0.0530218420208376,-0.1939465123934672,0.434863459329776
59.2,-0.3095900545996526,-0.1284286736342206,0.3112165874984852,-0.0235068769346284,-0.1799035754185889,0.408435050908851
59.3,-0.2768506077942066,-0.1392496108190944,0.3006991001247153,0.0096600608405947,-0.1815877163024162,0.3718946050717125
59.4,-0.241789682098057,-0.1496655665549929,0.2853405472631557,0.0448642208746432,-0.1802429168068366,0.333884618728736
59.5,-0.2040309480286539,-0.1607014207281257,0.2640203228256186,0.0837287748919533,-0.1731260990402831,0.2892389828376097
59.6,-0.1653242288443546,-0.1754484987857634,0.2400616355761807,0.1190867021160644,-0.165190556438694,0.2451996050670632
59.7,-0.1319395269319677,-0.2006247296108897,0.2098850312447794,0.1506746704387792,-0.1628194085850505,0.1978914315132727
59.8,-0.1018086318878524,-0.2284201731712735,0.1779169294118843,0.1762397577153964,-0.1679678911979132,0.1515499307811586
59.9,-0.0718098682168986,-0.2551473253342469,0.1467491567308569,0.1968408332792022,-0.1826839698396587,0.1093025578240309
60.0,-0.0428950369706352,-0.2817849804440254,0.1162314674595675,0.2106982938691158,-0.2074827093131256,0.070570099102595
60.1,-0.0202580210043468,-0.3102174791044351,0.0818616001817788,0.2208212955805793,-0.2362590996488264,0.0370461775631695
60.2,-0.0021181128572963,-0.3395754000440913,0.0427381810268012,0.2235927553511517,-0.2667220460649437,0.0058711396454813
60.3,0.0099125049649137,-0.3685253491077528,0.0043155779371384,0.2211082170491659,-0.2858038205321194,-0.0213334621354366
60.4,0.0177185934728103,-0.3986655359475076,-0.0369656624193163,0.209981466482969,-0.302569832606596,-0.0558041947440153
60.5,0.0224701773307209,-0.431197974873601,-0.0790932368198867,0.187555988786495,-0.3158507505021829,-0.0950823543112427
60.6,0.0241606106746204,-0.4651561591416691,-0.1169619425345471,0.1575538534366145,-0.3152533714220956,-0.1385499511574162
60.7,0.0299276130699763,-0.4861481398552635,-0.1423102773429512,0.1291408243885733,-0.2984420490876093,-0.1841396374131207
60.8,0.0414109060025785,-0.4927647464871463,-0.159207466271278,0.0952353757642143,-0.285251900385069,-0.231161330661746
60.9,0.05628926492228,-0.4912712879458007,-0.1696845502296853,0.0564721095913781,-0.2703722539240256,-0.2764646139134614
61.0,0.0737215058126542,-0.4746373596440803,-0.1718910357684814,0.0159907635940464,-0.2578662469950499,-0.3205583490591212
61.1,0.0961239453886537,-0.4617592504428106,-0.1712136505102688,-0.023046152938629,-0.2465319880973902,-0.3657738023915823
61.2,0.1142178368785346,-0.4444196482358773,-0.1676005330764534,-0.0610670482240288,-0.2279019907182864,-0.411264513572926
61.3,0.1270409460814659,-0.4190234072727513,-0.1638743151842817,-0.101475561043474,-0.2018447826583831,-0.4536718107929059
61.4,,,-0.1558399664250899,-0.1394054608304086,-0.1953597308039824,-0.480518244693612
61.5,,,-0.1401370310399626,-0.1774995952124526,-0.2009959349854925,-0.4856801377261023
61.6,,,-0.1275046230674817,-0.2079352905792595,-0.1975036256274627,-0.4894180679673681
61.7,,,-0.0980629938569123,-0.2439841551007541,-0.1816463077022063,-0.4835844642576704
61.8,,,-0.074981109286231,-0.2745566437031688,-0.1592294439747158,-0.4675755274950099
61.9,,,,,-0.1460877099975628,-0.4417931442950921
62.0,,,,,-0.1525555433774724,-0.409301431054061
62.1,,,,,-0.155780865781033,-0.3700878632607058
62.2,,,,,-0.1707887033215114,-0.332693872198144
62.3,,,,,-0.1958740511941072,-0.2978768682168211
62.4,0.449249967545794,-0.3406910832990446,,,-0.2157399526525656,-0.2616927859225483
62.5,0.4759281472727831,-0.3237711436025751,,,-0.2395655457908709,-0.2243243093279038
62.6,0.4822434682570222,-0.3065574248193006,,,-0.2678154419756475,-0.1910111061662139
62.7,0.4883775266093938,-0.2763046508742295,,,-0.290059138235059,-0.1568210518840693
62.8,0.4939179422383575,-0.2466039647069079,,,-0.3061016474888113,-0.1198918167426577
62.9,0.4842565211093566,-0.2138892772915455,,,-0.3164349339424703,-0.0799056713499851
63.0,0.463244124481748,-0.1844298304759331,,,-0.3168587692023306,-0.0378475118650808
63.1,0.4383883440146142,-0.1732530842925485,,,-0.3053397253545895,0.0044396839012746
63.2,0.4118131969406221,-0.1696440298751448,,,-0.2842575602958184,0.0458785206846862
63.3,0.3820211715540502,-0.1668522134566476,,,-0.2554301778597179,0.0843455872220037
63.4,0.3489644732731511,-0.1644598349086519,-0.0759250462055819,-0.374017646880839,-0.2246979176531802,0.114858972894287
63.5,0.3135353246579396,-0.1645027278299839,-0.0894197799756393,-0.3476922645756296,-0.1914901112785205,0.1419428295881171
63.6,0.2802411606223425,-0.1679901379669,-0.1104595075575134,-0.3167175359636919,-0.1547331687147183,0.1661532661336111
63.7,0.2437430788701914,-0.1792919216068582,-0.1341817672040833,-0.2862060252163592,-0.1165121004193778,0.1891008406101734
63.8,0.2091534587368879,-0.1894498865375163,-0.1570454165326384,-0.2651628873781185,-0.0779748228931859,0.2171240256477054
63.9,0.1741956231471592,-0.1951135126985285,-0.1830512966195376,-0.2436122551902715,-0.0408105205304219,0.2492064045291312
64.0,0.125046440385811,-0.1855366873108402,-0.2118636174220561,-0.2243406682577384,-0.012236025050612,0.2851717732994693
64.1,0.1095671722219032,-0.2084562849250889,-0.2492704900213867,-0.2080959649593128,0.0041899439525169,0.328109355663718
